kind,total,upcard,action
hard,4,2,H
hard,4,3,H
hard,4,4,H
hard,4,5,H
hard,4,6,H
hard,4,7,H
hard,4,8,H
hard,4,9,H
hard,4,10,H
hard,4,11,H
hard,5,2,H
hard,5,3,H
hard,5,4,H
hard,5,5,H
hard,5,6,H
hard,5,7,H
hard,5,8,H
hard,5,9,H
hard,5,10,H
hard,5,11,H
hard,6,2,H
hard,6,3,H
hard,6,4,H
hard,6,5,H
hard,6,6,H
hard,6,7,H
hard,6,8,H
hard,6,9,H
hard,6,10,H
hard,6,11,H
hard,7,2,H
hard,7,3,H
hard,7,4,H
hard,7,5,H
hard,7,6,H
hard,7,7,H
hard,7,8,H
hard,7,9,H
hard,7,10,H
hard,7,11,H
hard,8,2,H
hard,8,3,H
hard,8,4,H
hard,8,5,H
hard,8,6,H
hard,8,7,H
hard,8,8,H
hard,8,9,H
hard,8,10,H
hard,8,11,H
hard,9,2,H
hard,9,3,Dh
hard,9,4,Dh
hard,9,5,Dh
hard,9,6,Dh
hard,9,7,H
hard,9,8,H
hard,9,9,H
hard,9,10,H
hard,9,11,H
hard,10,2,Dh
hard,10,3,Dh
hard,10,4,Dh
hard,10,5,Dh
hard,10,6,Dh
hard,10,7,Dh
hard,10,8,Dh
hard,10,9,Dh
hard,10,10,H
hard,10,11,H
hard,11,2,Dh
hard,11,3,Dh
hard,11,4,Dh
hard,11,5,Dh
hard,11,6,Dh
hard,11,7,Dh
hard,11,8,Dh
hard,11,9,Dh
hard,11,10,Dh
hard,11,11,Dh
hard,12,2,H
hard,12,3,H
hard,12,4,S
hard,12,5,S
hard,12,6,S
hard,12,7,H
hard,12,8,H
hard,12,9,H
hard,12,10,H
hard,12,11,H
hard,13,2,S
hard,13,3,S
hard,13,4,S
hard,13,5,S
hard,13,6,S
hard,13,7,H
hard,13,8,H
hard,13,9,H
hard,13,10,H
hard,13,11,H
hard,14,2,S
hard,14,3,S
hard,14,4,S
hard,14,5,S
hard,14,6,S
hard,14,7,H
hard,14,8,H
hard,14,9,H
hard,14,10,H
hard,14,11,H
hard,15,2,S
hard,15,3,S
hard,15,4,S
hard,15,5,S
hard,15,6,S
hard,15,7,H
hard,15,8,H
hard,15,9,H
hard,15,10,H
hard,15,11,H
hard,16,2,S
hard,16,3,S
hard,16,4,S
hard,16,5,S
hard,16,6,S
hard,16,7,H
hard,16,8,H
hard,16,9,H
hard,16,10,H
hard,16,11,H
hard,17,2,S
hard,17,3,S
hard,17,4,S
hard,17,5,S
hard,17,6,S
hard,17,7,S
hard,17,8,S
hard,17,9,S
hard,17,10,S
hard,17,11,S
hard,18,2,S
hard,18,3,S
hard,18,4,S
hard,18,5,S
hard,18,6,S
hard,18,7,S
hard,18,8,S
hard,18,9,S
hard,18,10,S
hard,18,11,S
hard,19,2,S
hard,19,3,S
hard,19,4,S
hard,19,5,S
hard,19,6,S
hard,19,7,S
hard,19,8,S
hard,19,9,S
hard,19,10,S
hard,19,11,S
hard,20,2,S
hard,20,3,S
hard,20,4,S
hard,20,5,S
hard,20,6,S
hard,20,7,S
hard,20,8,S
hard,20,9,S
hard,20,10,S
hard,20,11,S
hard,21,2,S
hard,21,3,S
hard,21,4,S
hard,21,5,S
hard,21,6,S
hard,21,7,S
hard,21,8,S
hard,21,9,S
hard,21,10,S
hard,21,11,S
soft,12,2,H
soft,12,3,H
soft,12,4,H
soft,12,5,H
soft,12,6,Dh
soft,12,7,H
soft,12,8,H
soft,12,9,H
soft,12,10,H
soft,12,11,H
soft,13,2,H
soft,13,3,H
soft,13,4,H
soft,13,5,H
soft,13,6,Dh
soft,13,7,H
soft,13,8,H
soft,13,9,H
soft,13,10,H
soft,13,11,H
soft,14,2,H
soft,14,3,H
soft,14,4,H
soft,14,5,Dh
soft,14,6,Dh
soft,14,7,H
soft,14,8,H
soft,14,9,H
soft,14,10,H
soft,14,11,H
soft,15,2,H
soft,15,3,H
soft,15,4,Dh
soft,15,5,Dh
soft,15,6,Dh
soft,15,7,H
soft,15,8,H
soft,15,9,H
soft,15,10,H
soft,15,11,H
soft,16,2,H
soft,16,3,H
soft,16,4,Dh
soft,16,5,Dh
soft,16,6,Dh
soft,16,7,H
soft,16,8,H
soft,16,9,H
soft,16,10,H
soft,16,11,H
soft,17,2,H
soft,17,3,Dh
soft,17,4,Dh
soft,17,5,Dh
soft,17,6,Dh
soft,17,7,H
soft,17,8,H
soft,17,9,H
soft,17,10,H
soft,17,11,H
soft,18,2,Ds
soft,18,3,Ds
soft,18,4,Ds
soft,18,5,Ds
soft,18,6,Ds
soft,18,7,S
soft,18,8,S
soft,18,9,H
soft,18,10,H
soft,18,11,H
soft,19,2,S
soft,19,3,S
soft,19,4,S
soft,19,5,S
soft,19,6,Ds
soft,19,7,S
soft,19,8,S
soft,19,9,S
soft,19,10,S
soft,19,11,S
soft,20,2,S
soft,20,3,S
soft,20,4,S
soft,20,5,S
soft,20,6,S
soft,20,7,S
soft,20,8,S
soft,20,9,S
soft,20,10,S
soft,20,11,S
soft,21,2,S
soft,21,3,S
soft,21,4,S
soft,21,5,S
soft,21,6,S
soft,21,7,S
soft,21,8,S
soft,21,9,S
soft,21,10,S
soft,21,11,S
pair,2,2,P
pair,2,3,P
pair,2,4,P
pair,2,5,P
pair,2,6,P
pair,2,7,P
pair,2,8,-
pair,2,9,-
pair,2,10,-
pair,2,11,-
pair,3,2,P
pair,3,3,P
pair,3,4,P
pair,3,5,P
pair,3,6,P
pair,3,7,P
pair,3,8,-
pair,3,9,-
pair,3,10,-
pair,3,11,-
pair,4,2,-
pair,4,3,-
pair,4,4,-
pair,4,5,P
pair,4,6,P
pair,4,7,-
pair,4,8,-
pair,4,9,-
pair,4,10,-
pair,4,11,-
pair,5,2,-
pair,5,3,-
pair,5,4,-
pair,5,5,-
pair,5,6,-
pair,5,7,-
pair,5,8,-
pair,5,9,-
pair,5,10,-
pair,5,11,-
pair,6,2,P
pair,6,3,P
pair,6,4,P
pair,6,5,P
pair,6,6,P
pair,6,7,-
pair,6,8,-
pair,6,9,-
pair,6,10,-
pair,6,11,-
pair,7,2,P
pair,7,3,P
pair,7,4,P
pair,7,5,P
pair,7,6,P
pair,7,7,P
pair,7,8,-
pair,7,9,-
pair,7,10,-
pair,7,11,-
pair,8,2,P
pair,8,3,P
pair,8,4,P
pair,8,5,P
pair,8,6,P
pair,8,7,P
pair,8,8,P
pair,8,9,P
pair,8,10,P
pair,8,11,P
pair,9,2,P
pair,9,3,P
pair,9,4,P
pair,9,5,P
pair,9,6,P
pair,9,7,-
pair,9,8,P
pair,9,9,P
pair,9,10,-
pair,9,11,-
pair,10,2,-
pair,10,3,-
pair,10,4,-
pair,10,5,-
pair,10,6,-
pair,10,7,-
pair,10,8,-
pair,10,9,-
pair,10,10,-
pair,10,11,-
pair,11,2,P
pair,11,3,P
pair,11,4,P
pair,11,5,P
pair,11,6,P
pair,11,7,P
pair,11,8,P
pair,11,9,P
pair,11,10,P
pair,11,11,P
