# bjsim: 6 decks, H17, 75% penetration, seed 2026, 2 threads
tc,n,sum,sumsq,h-4.0,h-3.5,h-3.0,h-2.5,h-2.0,h-1.5,h-1.0,h-0.5,h+0.0,h+0.5,h+1.0,h+1.5,h+2.0,h+2.5,h+3.0,h+3.5,h+4.0
-10,1972962,-149063.000000,2889022.000000,978,0,7053,0,140651,0,849744,0,158500,0,609160,50004,149064,0,6472,0,1336
-9,1933013,-115201.000000,2776021.000000,849,0,5941,0,126635,0,834159,0,156788,0,604539,55232,141739,0,5942,0,1189
-8,3783348,-194999.000000,5374351.500000,1466,0,10968,0,236882,0,1632509,0,309338,0,1192491,114326,272202,0,11006,0,2160
-7,6719772,-294899.500000,9455019.750000,2389,0,18287,0,402060,0,2900608,0,553580,0,2129823,216311,473859,0,19182,0,3673
-6,12417348,-466920.000000,17305499.000000,4149,0,31536,0,708626,0,5370192,0,1028826,0,3953109,422172,857464,0,34663,0,6611
-5,21235752,-664945.000000,29299842.000000,6214,0,50734,0,1154936,0,9194158,0,1776228,0,6788404,761908,1435557,0,56689,0,10924
-4,38996096,-987628.500000,53295475.250000,10612,0,86223,0,2025805,0,16897279,0,3285499,0,12517668,1477813,2576432,0,99934,0,18831
-3,67406715,-1302536.000000,91281106.500000,16656,0,139818,0,3336767,0,29226048,0,5732149,0,21708125,2694798,4355173,0,166268,0,30913
-2,124156752,-1734966.500000,166633410.250000,28225,0,239497,0,5862351,0,53877029,0,10651875,0,40082696,5230633,7837533,0,293208,0,53705
-1,189371664,-1693101.000000,252060164.500000,39729,0,343119,0,8544103,0,82208502,0,16406280,0,61272130,8362306,11688050,0,429589,0,77856
0,266071177,-1186978.500000,351392657.750000,51188,0,450454,0,11485147,0,115583535,0,23250784,0,86239870,12255995,16068158,0,581398,0,104648
1,117832336,140750.000000,154091976.500000,20035,0,182609,0,4800456,0,51220323,0,10414069,0,38280959,5701718,6923528,0,245196,0,43443
2,64851984,382026.500000,84059655.250000,9879,0,92645,0,2504631,0,28208728,0,5793442,0,21102326,3279329,3709365,0,129138,0,22501
3,36759676,393736.500000,47233248.750000,5003,0,47953,0,1342456,0,15997777,0,3320411,0,11973486,1944267,2046471,0,69940,0,11912
4,20880523,316760.000000,26608553.000000,2560,0,25094,0,723007,0,9086889,0,1909207,0,6806697,1151516,1131680,0,37638,0,6235
5,11842554,226038.000000,14964829.500000,1330,0,13189,0,387444,0,5155763,0,1096801,0,3860915,681418,621897,0,20448,0,3349
6,6451499,150283.500000,8089095.250000,638,0,6388,0,199947,0,2808017,0,606270,0,2100485,387941,329698,0,10342,0,1773
7,3552753,94039.000000,4419585.000000,309,0,3291,0,103843,0,1547202,0,339002,0,1154229,222280,176272,0,5457,0,868
8,1897752,56985.500000,2343620.750000,133,0,1570,0,52706,0,826023,0,183541,0,615619,123679,91358,0,2683,0,440
9,964740,33356.500000,1181692.750000,76,0,752,0,25176,0,419032,0,94895,0,313504,65203,44521,0,1374,0,207
10,901584,35385.000000,1089625.500000,49,0,619,0,20923,0,392058,0,91322,0,290535,65494,39335,0,1100,0,149
meta,1000000000,23257029,0,0,0,0,0,0,0,0,0,0,0,0,0,0,0,0,0,0
